-- phpMyAdmin SQL Dump
-- version 5.0.2
-- https://www.phpmyadmin.net/
--
-- Host: localhost
-- Generation Time: Jun 09, 2020 at 05:43 PM
-- Server version: 8.0.17
-- PHP Version: 7.3.10

SET SQL_MODE = "NO_AUTO_VALUE_ON_ZERO";
START TRANSACTION;
SET time_zone = "+00:00";


/*!40101 SET @OLD_CHARACTER_SET_CLIENT=@@CHARACTER_SET_CLIENT */;
/*!40101 SET @OLD_CHARACTER_SET_RESULTS=@@CHARACTER_SET_RESULTS */;
/*!40101 SET @OLD_COLLATION_CONNECTION=@@COLLATION_CONNECTION */;
/*!40101 SET NAMES utf8mb4 */;

--
-- Database: `raport`
--

-- --------------------------------------------------------

--
-- Table structure for table `file`
--

CREATE TABLE `file` (
  `IDLink` int(5) NOT NULL,
  `nis` char(20) NOT NULL,
  `LinkRaport` varchar(128) NOT NULL,
  `StatusDownload` enum('B','L') NOT NULL,
  `jam_download` timestamp NOT NULL DEFAULT CURRENT_TIMESTAMP
) ENGINE=InnoDB DEFAULT CHARSET=latin1;

-- --------------------------------------------------------

--
-- Table structure for table `password_walikelas`
--

CREATE TABLE `password_walikelas` (
  `Kelas` char(20) NOT NULL,
  `Password` varchar(128) CHARACTER SET utf8 COLLATE utf8_general_ci NOT NULL
) ENGINE=InnoDB DEFAULT CHARSET=utf8;

--
-- Dumping data for table `password_walikelas`
--

INSERT INTO `password_walikelas` (`Kelas`, `Password`) VALUES
('X TBSM 1', '25d55ad283aa400af464c76d713c07ad'),
('X RPL 1', '25d55ad283aa400af464c76d713c07ad'),
('X TBSM 2', '25d55ad283aa400af464c76d713c07ad'),
('X OTKP 1', '25d55ad283aa400af464c76d713c07ad'),
('X RPL 2', '25d55ad283aa400af464c76d713c07ad'),
('X OTKP 2', '25d55ad283aa400af464c76d713c07ad'),
('X OTKP 3', '25d55ad283aa400af464c76d713c07ad'),
('X AKL 1', '25d55ad283aa400af464c76d713c07ad'),
('X AKL 2', '25d55ad283aa400af464c76d713c07ad'),
('X BDP 1', '25d55ad283aa400af464c76d713c07ad'),
('X BDP 2', '25d55ad283aa400af464c76d713c07ad'),
('XI TBSM 1', '25d55ad283aa400af464c76d713c07ad'),
('XI TBSM 2', '25d55ad283aa400af464c76d713c07ad'),
('XI RPL 1', '25d55ad283aa400af464c76d713c07ad'),
('XI RPL 2', '25d55ad283aa400af464c76d713c07ad'),
('XI OTKP 1', '25d55ad283aa400af464c76d713c07ad'),
('XI OTKP 2', '25d55ad283aa400af464c76d713c07ad'),
('XI OTKP 3', '25d55ad283aa400af464c76d713c07ad'),
('XI AKL 1', '25d55ad283aa400af464c76d713c07ad'),
('XI BDP 2', '25d55ad283aa400af464c76d713c07ad'),
('XI BDP 1', '25d55ad283aa400af464c76d713c07ad'),
('XI AKL 2', '25d55ad283aa400af464c76d713c07ad');

-- --------------------------------------------------------

--
-- Table structure for table `sekolah`
--

CREATE TABLE `sekolah` (
  `id` int(1) NOT NULL,
  `Judul` varchar(255) NOT NULL,
  `NamaSekolah` varchar(128) NOT NULL,
  `AlamatSekolah` varchar(255) NOT NULL,
  `LogoSekolah` varchar(64) NOT NULL
) ENGINE=InnoDB DEFAULT CHARSET=utf8mb4;

--
-- Dumping data for table `sekolah`
--

INSERT INTO `sekolah` (`id`, `Judul`, `NamaSekolah`, `AlamatSekolah`, `LogoSekolah`) VALUES
(1, 'DAFTAR HADIR PENILAIAN AKHIR SEMESTER', 'SMK JAYA GEMILANG', 'Jalan Raya Jepara Bangsri KM. 07 Telp (0291) 787878 email : username@mail.com', 'atas.png');

-- --------------------------------------------------------

--
-- Table structure for table `siswa`
--

CREATE TABLE `siswa` (
  `ID` int(5) NOT NULL,
  `nis` char(20) CHARACTER SET utf8mb4 NOT NULL,
  `NamaLengkap` varchar(128) CHARACTER SET utf8mb4 NOT NULL,
  `Kelas` varchar(15) CHARACTER SET utf8mb4 NOT NULL
) ENGINE=InnoDB DEFAULT CHARSET=utf8mb4;

--
-- Dumping data for table `siswa`
--

INSERT INTO `siswa` (`ID`, `nis`, `NamaLengkap`, `Kelas`) VALUES
(1, '2610', 'AGUNG TRI LUKMAN', 'X TBSM 1'),
(2, '2611', 'AHMAD NUR KAFIE', 'X TBSM 1'),
(3, '2612', 'AHMAD QOHIRIN', 'X TBSM 1'),
(4, '2613', 'AHMAD ROFIKUL IRFAN', 'X TBSM 1'),
(5, '2614', 'AINULYAKIN DWI ASHARI', 'X TBSM 1'),
(6, '2615', 'ALDI FEBRIYANTO', 'X TBSM 1'),
(7, '2616', 'ANAK AGUNG BAGUS ARJUNA', 'X TBSM 1'),
(8, '2617', 'ANDAHANE', 'X TBSM 1'),
(9, '2618', 'ARYO ARWA FEBRIYANSYA', 'X TBSM 1'),
(10, '2619', 'BAGUS WIBOWO', 'X TBSM 1'),
(11, '2620', 'BIMA EGI SAPUTRA', 'X TBSM 1'),
(12, '2621', 'CITRA ADI SAPUTRA', 'X TBSM 1'),
(13, '2622', 'DENDY EKA PUJIANTO', 'X TBSM 1'),
(14, '2623', 'DENY SUSILO APRILIYANTO', 'X TBSM 1'),
(15, '2624', 'FRENGKY ADI SAPUTRA', 'X TBSM 1'),
(16, '2625', 'INDRA SYARIF AMINUNAHLHA', 'X TBSM 1'),
(17, '2626', 'JUBRON JAWAHIR AMJAD', 'X TBSM 1'),
(18, '2627', 'LAURENT EKA ZUNIAR', 'X TBSM 1'),
(19, '2628', 'M. DIO DWI SASONGKO', 'X TBSM 1'),
(20, '2629', 'MUHAMAD HUSAIN SADAT', 'X TBSM 1'),
(21, '2630', 'MUHAMMAD ABDUR RO\'UF', 'X TBSM 1'),
(22, '2632', 'MUHAMMAD DIMAS AGUNG PRAYOGO', 'X TBSM 1'),
(23, '2633', 'MUHAMMAD FAKHRUR ROHMAN', 'X TBSM 1'),
(24, '2635', 'MUHAMMAD WILDAN ZULFANUL KHOIR', 'X TBSM 1'),
(25, '2637', 'RAFAEL PRAMUDHITA', 'X TBSM 1'),
(26, '2638', 'RESKY HARIS PRATAMA', 'X TBSM 1'),
(27, '2639', 'ROBBY KHOIRUL AMIEN', 'X TBSM 1'),
(28, '2640', 'TEGUH WAHYU ADINUGROHO', 'X TBSM 1'),
(29, '2641', 'WAHYU WAHARANA UTAMA', 'X TBSM 1'),
(30, '2642', 'YEHESKIEL ADI SAPUTRA', 'X TBSM 1'),
(31, '2643', 'YUSUF ADE SAPUTRA', 'X TBSM 1'),
(32, '2644', 'YUSUF ADE SURYA', 'X TBSM 1'),
(33, '2645', 'ABDUL ILLYAS PRAMUDYA EKA ANANTA', 'X TBSM 2'),
(34, '2646', 'AHMAD ILHAMMUDIN', 'X TBSM 2'),
(35, '2647', 'AKHMAD ANDRE WICAKSONO', 'X TBSM 2'),
(36, '2648', 'AVRILL ROBBI ZAINID', 'X TBSM 2'),
(37, '2649', 'BACHTIAR DWI HERLAMBANG', 'X TBSM 2'),
(38, '2650', 'BAGAS KURNIYANTA', 'X TBSM 2'),
(39, '2651', 'BAMBANG DIAS EDI SUSANTO', 'X TBSM 2'),
(40, '2652', 'CHOIRUL AGA', 'X TBSM 2'),
(41, '2653', 'DEVANDARU MAULANA', 'X TBSM 2'),
(42, '2655', 'FIKA DWI SAPUTRA', 'X TBSM 2'),
(43, '2656', 'FIRMANSYAH', 'X TBSM 2'),
(44, '2657', 'INDRAS BAGAS MAULANA', 'X TBSM 2'),
(45, '2658', 'IRVAN ALDI SAPUTRA', 'X TBSM 2'),
(46, '2659', 'IRVAN MAULANA', 'X TBSM 2'),
(47, '2660', 'JAMALLUDIN MALIK', 'X TBSM 2'),
(48, '2661', 'LEONARDO ZACKY MUHAMMAD', 'X TBSM 2'),
(49, '2662', 'MICKY MAULANA AFFANDI', 'X TBSM 2'),
(50, '2663', 'MUHAMAD SIDIQ', 'X TBSM 2'),
(51, '2664', 'MUHAMMAD ARSILA BAHARUDIN', 'X TBSM 2'),
(52, '2665', 'MUHAMMAD FAIZIN KHOIRUN AMALA', 'X TBSM 2'),
(53, '2666', 'MUHAMMAD FILDANA KHAFID ASHARI', 'X TBSM 2'),
(54, '2667', 'MUHAMMAD HENDRIK SIROJUL UMAM', 'X TBSM 2'),
(55, '2668', 'MUHAMMAD ILHAM TAUFIQ', 'X TBSM 2'),
(56, '2669', 'MUHAMMAD KHAIRUN NI\'AM', 'X TBSM 2'),
(57, '2670', 'MUHAMMAD KHOIRUL ABIDIN', 'X TBSM 2'),
(58, '2671', 'MUHAMMAD SAIFUNNIAM', 'X TBSM 2'),
(59, '2672', 'MUHAMMAD TIRTA MUCHLIS MUBAROK', 'X TBSM 2'),
(60, '2673', 'MUHAMMAD YANUAR', 'X TBSM 2'),
(61, '2674', 'MUKHAMMAD ROHMAN BASRI', 'X TBSM 2'),
(62, '2675', 'RAFAEL ALVIN ARDIANSYAH', 'X TBSM 2'),
(63, '2676', 'RIAN PUTRA RIA IRAWAN', 'X TBSM 2'),
(64, '2677', 'ROSI NOVA RAMADHAN', 'X TBSM 2'),
(65, '2678', 'SAHRUL AFRIYANSAH', 'X TBSM 2'),
(66, '2679', 'SUKRON ABDUL GHOFUR', 'X TBSM 2'),
(67, '2680', 'YOGA NOVANSYAH', 'X TBSM 2'),
(68, '2682', 'A. ZUSSIRLANA IKHSANU TAQWIM', 'X RPL 1'),
(69, '2683', 'ADELIA TASFA NADIA SALSABILA', 'X RPL 1'),
(70, '2684', 'ADITYA ANDRIANSYAH EKA PRATAMA', 'X RPL 1'),
(71, '2685', 'AHMAD SYAFEIL HUDA', 'X RPL 1'),
(72, '2686', 'ANANDA RIZKI ARDIANTO', 'X RPL 1'),
(73, '2687', 'ANANTA NICO PRASETYO', 'X RPL 1'),
(74, '2688', 'ANDITA RAHMA PUTRI', 'X RPL 1'),
(76, '2690', 'BRYAN HARDIAWAN PUTRA PRAYOGA', 'X RPL 1'),
(77, '2691', 'DANANG  DWI NUGROHO', 'X RPL 1'),
(78, '2692', 'DAVIN ANUGRAHA PUTRA', 'X RPL 1'),
(79, '2693', 'DAYU FITO ALVA SAPUTRA', 'X RPL 1'),
(80, '2694', 'DIMAS RAMADHAN AJI KUSUMA', 'X RPL 1'),
(81, '2695', 'DIO KUSUMA HADI NUGROHO', 'X RPL 1'),
(82, '2696', 'EFA NADIA', 'X RPL 1'),
(83, '2697', 'FENDI RIDHO FERDIANSYAH', 'X RPL 1'),
(84, '2698', 'FERI BAGAS PRATAMA', 'X RPL 1'),
(85, '2699', 'FIKRI RIZQI RAMANDHANI', 'X RPL 1'),
(86, '2700', 'GILANG FITRIANTO', 'X RPL 1'),
(87, '2701', 'IFAN MAULANA', 'X RPL 1'),
(88, '2702', 'MAISYA NABILA ALFIN NI\'MAH', 'X RPL 1'),
(89, '2703', 'MARTIN WICAKSONO', 'X RPL 1'),
(90, '2704', 'MAULANA MALIK FAJAR', 'X RPL 1'),
(91, '2705', 'MONICA NELLY AGUSTINE', 'X RPL 1'),
(92, '2706', 'MUHAMMAD FARREL OCTAVIAN HARIS', 'X RPL 1'),
(93, '2707', 'MUHAMMAD NASIKHUDIN ADI SUJANOKO', 'X RPL 1'),
(94, '2708', 'MUHAMMAD RIMBA ABDILLAH', 'X RPL 1'),
(95, '2709', 'MUHAMMAD WAHYU AJI SAPUTRA', 'X RPL 1'),
(96, '2710', 'PRAMUDYA SHAKA NUGRAHA', 'X RPL 1'),
(97, '2711', 'PUTRA MAHENDRA', 'X RPL 1'),
(98, '2712', 'RAHMAT WAHYUMA AKBAR', 'X RPL 1'),
(99, '2713', 'RENA PUSPITA DEWI', 'X RPL 1'),
(100, '2714', 'RENITA PUJI LESTARI', 'X RPL 1'),
(101, '2715', 'RIZKI ARDIKA AKBAR', 'X RPL 1'),
(102, '2716', 'VANI WICAKSONO', 'X RPL 1'),
(103, '2717', 'YULIA PUTRI DURROTUN NI`MAH', 'X RPL 1'),
(104, '2718', 'AHMAD BAYU SAPUTRA', 'X RPL 2'),
(105, '2719', 'AINUN NA\'IMAH', 'X RPL 2'),
(106, '2720', 'ANANG SYAH AMIRUL HAQIM', 'X RPL 2'),
(107, '2721', 'ARIANDITA HADI NUGROHO', 'X RPL 2'),
(108, '2722', 'CHRISNA RAMADHAN', 'X RPL 2'),
(109, '2723', 'DJIHAN FAMILLA', 'X RPL 2'),
(110, '2724', 'FANI APRILIA', 'X RPL 2'),
(111, '2725', 'FERNANDA IQSHAL SYAFALAM', 'X RPL 2'),
(112, '2726', 'FIRDHI AL RIDHO JUNIOR', 'X RPL 2'),
(113, '2727', 'HELEN FEDELIA', 'X RPL 2'),
(114, '2728', 'HILDA ANISATUL FADLILAH', 'X RPL 2'),
(115, '2729', 'KAKA MARSHAL IFANDA', 'X RPL 2'),
(116, '2730', 'LAILA ZAKIYATUL MISKIYAH', 'X RPL 2'),
(117, '2731', 'LAZUARDI CANDRA GERALD GAVRILA', 'X RPL 2'),
(118, '2732', 'MAULANA AL GHOZALI', 'X RPL 2'),
(119, '2733', 'MUHAMMAD ARIQULAZKA', 'X RPL 2'),
(120, '2734', 'MUHAMMAD FERDIANSYAH', 'X RPL 2'),
(121, '2735', 'MUHAMMAD LUKMAN FAROHI', 'X RPL 2'),
(122, '2736', 'MUHAMMAD MAULANA HASYIM', 'X RPL 2'),
(123, '2737', 'MUHAMMAD NUR ALAM ISHLAHY', 'X RPL 2'),
(124, '2738', 'MUHAMMAD REYKA FATHAHILLAH', 'X RPL 2'),
(125, '2739', 'MUHAMMAD REZA NUR ADITYA', 'X RPL 2'),
(126, '2740', 'MUHAMMAD SAMRUDIN SOFI', 'X RPL 2'),
(127, '2741', 'MUHAMMAD ZAINUDDIN BASYAR', 'X RPL 2'),
(128, '2742', 'NESTI RAHMAWATI', 'X RPL 2'),
(129, '2743', 'NOOR TRI AFRIANSYAH', 'X RPL 2'),
(130, '2744', 'PINASTHI TOSAN PURUHITA', 'X RPL 2'),
(131, '2745', 'RAFAEL YOGA PRATAMA', 'X RPL 2'),
(132, '2746', 'RAMA ZANUAR  PRASETYA', 'X RPL 2'),
(133, '2747', 'REZA ADITYA PRATAMA', 'X RPL 2'),
(134, '2748', 'SELLY NOVI EDITA', 'X RPL 2'),
(135, '2749', 'SHINTA PERMATA DWI WAHYUNINGTYAS', 'X RPL 2'),
(136, '2750', 'SURYA AJI RISTIYANTO', 'X RPL 2'),
(137, '2751', 'VERYANDIKA HAVIS STIVANO', 'X RPL 2'),
(138, '2752', 'YOSAFAT RESTU ADI', 'X RPL 2'),
(139, '2634', 'MUHAMMAD NIZAR', 'X RPL 2'),
(140, '2753', 'ABELIYA DWI LESTARI', 'X OTKP 1'),
(141, '2754', 'AL SIFAH PUTRI MAHARANI', 'X OTKP 1'),
(142, '2755', 'ALVINA AULIA AGUSTIN', 'X OTKP 1'),
(143, '2756', 'ARINA AZIZA ZULVA', 'X OTKP 1'),
(144, '2757', 'DELA NATALIA', 'X OTKP 1'),
(145, '2758', 'DEWI PUTRI RISTANTI', 'X OTKP 1'),
(146, '2759', 'ERSITA', 'X OTKP 1'),
(147, '2760', 'FAIZAH KHAMALIAH FITRI', 'X OTKP 1'),
(148, '2761', 'FEBRINA ZAHRA ARSYADA RAHMA', 'X OTKP 1'),
(149, '2762', 'FIRNANDA PRAMESTYA', 'X OTKP 1'),
(150, '2763', 'JIHAN UALIYA NUR HANIFAH', 'X OTKP 1'),
(151, '2764', 'LUTVI DWI ARDIANSYAH', 'X OTKP 1'),
(152, '2765', 'MAWARROTUL CAHYANI', 'X OTKP 1'),
(153, '2766', 'MELLY NUR MALYNDA', 'X OTKP 1'),
(154, '2767', 'MUHAMMAD DIKY SAPUTRA', 'X OTKP 1'),
(156, '2769', 'NADA ARDILA EKA AYU NATASARI', 'X OTKP 1'),
(157, '2770', 'NOFITA MALASARI', 'X OTKP 1'),
(158, '2771', 'PUTRI JINGGA AMELIA SAFITRI', 'X OTKP 1'),
(159, '2772', 'RAHMA WAHYUNINGDYAH', 'X OTKP 1'),
(160, '2773', 'RENDI HARIYANTO', 'X OTKP 1'),
(161, '2774', 'RISKA MAULIDIANA', 'X OTKP 1'),
(162, '2775', 'RISMA DARA WAHYU SAPUTRI', 'X OTKP 1'),
(163, '2776', 'RITA PAULA SARI', 'X OTKP 1'),
(164, '2777', 'SILFIA NOFITA SARI', 'X OTKP 1'),
(165, '2778', 'THIFA AURELIA FARDANI', 'X OTKP 1'),
(166, '2779', 'THOMAS ADHI SAPUTRA', 'X OTKP 1'),
(167, '2780', 'TRI PUTRI ANGGRAINI', 'X OTKP 1'),
(168, '2781', 'TRIA KHOLIMATUL ULFA', 'X OTKP 1'),
(169, '2782', 'TRIANI MARETHA', 'X OTKP 1'),
(170, '2783', 'WAHYU ADIVIANTO MARHAEN', 'X OTKP 1'),
(171, '2784', 'WILLIAM MAURITIUS OGISTALIEM', 'X OTKP 1'),
(172, '2785', 'WINGGA ARIA SASRA', 'X OTKP 1'),
(173, '2786', 'WULAN NING SAFITRI', 'X OTKP 1'),
(174, '2787', 'YUSMANIAR AFIFAH', 'X OTKP 1'),
(175, '2788', 'ZULIA APRILIANI', 'X OTKP 1'),
(176, '2789', 'AHMAD MIFTAQUL AJI SAPUTRA', 'X OTKP 2'),
(177, '2790', 'AJENG ANJAR WANGI', 'X OTKP 2'),
(178, '2791', 'ANIS FARIKHAH', 'X OTKP 2'),
(179, '2792', 'AYU WIJAYANTI', 'X OTKP 2'),
(180, '2793', 'BELLA FITRIA', 'X OTKP 2'),
(181, '2794', 'CANIA FATMALAROSSI', 'X OTKP 2'),
(182, '2795', 'CINDY PRASASTI', 'X OTKP 2'),
(183, '2796', 'DELA INDAH PERMATASARI', 'X OTKP 2'),
(184, '2797', 'DIAH FAUZIATI', 'X OTKP 2'),
(185, '2798', 'EIKA PUTRI WULANDARI', 'X OTKP 2'),
(186, '2799', 'EKA EVI MELANI', 'X OTKP 2'),
(187, '2800', 'ELA DWI SYAWALLINA', 'X OTKP 2'),
(188, '2801', 'ELLENYA INDAH CAHYANI', 'X OTKP 2'),
(189, '2802', 'ELSY ELVARA PRAMUWIRA SEJATI', 'X OTKP 2'),
(190, '2803', 'ERIKA KUSUMAWARDANI', 'X OTKP 2'),
(191, '2804', 'FARA YUNITA', 'X OTKP 2'),
(192, '2805', 'FARID PANDU DWI TAMAMI', 'X OTKP 2'),
(193, '2806', 'LINDA PUSPITA SARI', 'X OTKP 2'),
(194, '2807', 'MELINDA SAFITRI', 'X OTKP 2'),
(195, '2808', 'MUHAMMAD ALDI SETIAWAN', 'X OTKP 2'),
(196, '2809', 'NURMAILA FEBRINA NASHWA', 'X OTKP 2'),
(197, '2810', 'RAHMA BERLIANA PUTRI', 'X OTKP 2'),
(198, '2811', 'RAHMA DHANI HADI SISWOYO', 'X OTKP 2'),
(199, '2812', 'RAHMAD SYARIF WALUYO', 'X OTKP 2'),
(200, '2813', 'RANINA CAHYA BERLIANTY', 'X OTKP 2'),
(201, '2814', 'RATNA HAYIK LANA AMRINA', 'X OTKP 2'),
(202, '2815', 'RENDY ADJIE PUTRA SANDIKA', 'X OTKP 2'),
(203, '2816', 'RENI NURLISA', 'X OTKP 2'),
(204, '2817', 'RIA AYU DAMAYANTI', 'X OTKP 2'),
(205, '2818', 'RINA ANJANI MAULA', 'X OTKP 2'),
(206, '2819', 'RUDI HARISTIANTO', 'X OTKP 2'),
(207, '2820', 'SHELMA DWI YUSTIKA', 'X OTKP 2'),
(208, '2821', 'SINTA AYU WULANDARI', 'X OTKP 2'),
(209, '2822', 'TANTRI IRIANI', 'X OTKP 2'),
(210, '2823', 'WILIS SUGANDI', 'X OTKP 2'),
(211, '2824', 'YOSEP ANDIKA PURBA', 'X OTKP 2'),
(212, '2825', 'AGRECHIA AFKYA AISYAHMA', 'X OTKP 3'),
(213, '2826', 'ANDINI FEBRIANTI', 'X OTKP 3'),
(215, '2828', 'CRISTYA AYU SETYANINGRUM', 'X OTKP 3'),
(216, '2829', 'DAVID NURHAJI JULIYANTO', 'X OTKP 3'),
(217, '2830', 'DEVI INTAN SARI', 'X OTKP 3'),
(218, '2831', 'DEWI NURLAILA FITRIANI', 'X OTKP 3'),
(219, '2832', 'DHEA ASTRI ZUKHRUFIN NISA\'', 'X OTKP 3'),
(220, '2833', 'DIAH NURAINI', 'X OTKP 3'),
(221, '2834', 'DIAZ ZAHRA SEPTINA PRATIWI', 'X OTKP 3'),
(222, '2835', 'DIYAH AYU UMI SANIA', 'X OTKP 3'),
(223, '2836', 'DWI NOFITA SAFITRI', 'X OTKP 3'),
(224, '2837', 'EDGINA AULIANTI FAJRIN', 'X OTKP 3'),
(225, '2838', 'ENY ERNALIYANTI', 'X OTKP 3'),
(226, '2839', 'HELMIA JELITA PUTRI', 'X OTKP 3'),
(227, '2840', 'INDRI RISTIKA SARI', 'X OTKP 3'),
(228, '2841', 'IRMA SURYANI', 'X OTKP 3'),
(229, '2842', 'LUSI PRAMASELA', 'X OTKP 3'),
(230, '2843', 'LUTFIANA SILFIYA', 'X OTKP 3'),
(231, '2844', 'M. YUSUF SYAHRUL CHOIRI', 'X OTKP 3'),
(232, '2845', 'MEISA AMELIA PUTRI', 'X OTKP 3'),
(233, '2846', 'MERITA NUR NAFIAH', 'X OTKP 3'),
(234, '2847', 'MUHAMMAD AMIR SADEWA', 'X OTKP 3'),
(235, '2848', 'MUHAMMAD ARDHI PRASETYO', 'X OTKP 3'),
(236, '2849', 'MUHAMMAD NADHIF FAKHRUDIN', 'X OTKP 3'),
(237, '2850', 'NADELIA FITRIA PUTRI', 'X OTKP 3'),
(238, '2851', 'NAVILDA AISKA PUTRI', 'X OTKP 3'),
(239, '2852', 'RAHMA WATI', 'X OTKP 3'),
(240, '2853', 'SAFIRA SUHAILAH', 'X OTKP 3'),
(241, '2854', 'SAHRUL FIRMANDA ANDREANSYAH', 'X OTKP 3'),
(242, '2855', 'SEKHA ALIMATUS SA\'DIAH', 'X OTKP 3'),
(243, '2856', 'SHINTYA PUTRI RAHMAWATI', 'X OTKP 3'),
(244, '2857', 'SISKA AYU PRATAMA', 'X OTKP 3'),
(245, '2859', 'SYIFA UMIKA', 'X OTKP 3'),
(246, '2860', 'YUNI RAHMAWATI', 'X OTKP 3'),
(247, '2861', 'ADITYA DAFIT SAPUTRA', 'X AKL 1'),
(248, '2862', 'AISA FATMAJAYANTI', 'X AKL 1'),
(249, '2863', 'ALFINA OSSIA EFILIANI', 'X AKL 1'),
(250, '2864', 'AMELIA FITRIYANI', 'X AKL 1'),
(251, '2865', 'AMELLIA PUSPITASARI', 'X AKL 1'),
(252, '2866', 'ANNISA ZULKIF SYEFIRA', 'X AKL 1'),
(253, '2867', 'ARIF SYAIFUDIN', 'X AKL 1'),
(254, '2868', 'AULIA FATMAWATI', 'X AKL 1'),
(255, '2869', 'AULIA SAFITRI', 'X AKL 1'),
(256, '2870', 'DEVA ATALIA ZAHRA', 'X AKL 1'),
(257, '2871', 'DEVI ATALIA ZAHRA', 'X AKL 1'),
(258, '2872', 'DIAN SEPTIYANI', 'X AKL 1'),
(259, '2873', 'EKA WAHYU LINDASARI', 'X AKL 1'),
(260, '2874', 'ELSYA RIZKIYATUSSAIDAH', 'X AKL 1'),
(261, '2875', 'ENDHIS VIVIENTHI', 'X AKL 1'),
(262, '2876', 'ERMANDA PUTRI SENDANG FERYANA', 'X AKL 1'),
(263, '2877', 'EUFANY AGUSTINA PURNOMO', 'X AKL 1'),
(264, '2878', 'EVA NOVITASARI', 'X AKL 1'),
(265, '2879', 'FEBY SETYANINGRUM', 'X AKL 1'),
(266, '2880', 'HELMI FERIYAWAN', 'X AKL 1'),
(267, '2881', 'ILHAM ADI SANTOSO', 'X AKL 1'),
(268, '2882', 'IMRONAH NUR LAILIYAH', 'X AKL 1'),
(269, '2883', 'KARISA ELVARIA MORELLA', 'X AKL 1'),
(270, '2884', 'MUHAMMAD ABDUL MUIZ ATTAR MIDHI', 'X AKL 1'),
(271, '2885', 'MUHAMMAD NOOR HAFID', 'X AKL 1'),
(272, '2886', 'NAILA SYAKHIROTUL RIZKIYAH', 'X AKL 1'),
(273, '2887', 'NILA ARUM SHOLIKHAH', 'X AKL 1'),
(274, '2888', 'NOR IVANI CHOIRUN NISA', 'X AKL 1'),
(275, '2889', 'PUTRI WAHYU NINGSIH', 'X AKL 1'),
(276, '2890', 'REIKHA SALMA ANDINI', 'X AKL 1'),
(277, '2891', 'RIFKHA HARWIYANA PUTRI', 'X AKL 1'),
(278, '2892', 'RIZTY AMINATUS SA\'ADAH', 'X AKL 1'),
(279, '2893', 'SEPTI PUTRI NOR QOMARIYAH', 'X AKL 1'),
(280, '2894', 'SRI MIRANDA', 'X AKL 1'),
(281, '2895', 'TRIYANI MULYANI', 'X AKL 1'),
(282, '2896', 'WAHYU NAILAMAHARANI', 'X AKL 1'),
(283, '2897', 'ADITYA CANDA IRAWAN', 'X AKL 2'),
(284, '2898', 'AHMAD IRFAN APRILIYANTO', 'X AKL 2'),
(285, '2899', 'AKHMALIA CHAIRUNISA', 'X AKL 2'),
(286, '2900', 'AMELIA RAMADHANNI', 'X AKL 2'),
(287, '2901', 'ANGELY RATNA DILLA', 'X AKL 2'),
(288, '2902', 'ANGGITA VIKA SILVIANA', 'X AKL 2'),
(289, '2903', 'ARYSIMA PUJA ISNOLA', 'X AKL 2'),
(290, '2904', 'DWI PUTRI DELLA NOVITA SARI', 'X AKL 2'),
(291, '2905', 'EKA APRILIA INTAN SAFERA', 'X AKL 2'),
(292, '2906', 'FARA AULIA', 'X AKL 2'),
(293, '2907', 'FEMI FAHIRAWATI', 'X AKL 2'),
(294, '2908', 'HILMAN FARIDSYIFA ABDIDZIL IKRAM', 'X AKL 2'),
(295, '2909', 'IKA DWI VARAWATI', 'X AKL 2'),
(296, '2910', 'INDAH GITA CAHYANI', 'X AKL 2'),
(297, '2911', 'ISTI KAROLINA WATI', 'X AKL 2'),
(298, '2912', 'KETLIN', 'X AKL 2'),
(299, '2913', 'LAELI KUMALA SARI', 'X AKL 2'),
(300, '2914', 'LIA INES TASYA', 'X AKL 2'),
(301, '2915', 'MELLY EKA SAPUTRI', 'X AKL 2'),
(302, '2916', 'MUKHAMAD SAIFUL BAHRUDIN', 'X AKL 2'),
(303, '2917', 'NAUFAL ABYAN', 'X AKL 2'),
(304, '2918', 'PUTRI  NAFIKA SARI', 'X AKL 2'),
(305, '2919', 'PUTRI ARSYA KANAYA', 'X AKL 2'),
(306, '2920', 'RINTAN DELLA PRATIWI', 'X AKL 2'),
(307, '2921', 'RIZKA ANDHITA PRATIWI', 'X AKL 2'),
(308, '2922', 'RONA MONIKA', 'X AKL 2'),
(309, '2923', 'SELFI ANGGUN AYU SOFIYANA', 'X AKL 2'),
(310, '2924', 'SELLY LUSIANA', 'X AKL 2'),
(311, '2925', 'SELVI AYU RINATA', 'X AKL 2'),
(312, '2926', 'SHELI APRILIANI', 'X AKL 2'),
(313, '2927', 'SHERLY MERLIYANA SUKMANDHARI', 'X AKL 2'),
(314, '2928', 'SINTA PUTRI WULANDARI', 'X AKL 2'),
(315, '2929', 'SITI ZAENAB', 'X AKL 2'),
(316, '2930', 'SYERLITA AYU SURYANINTYAS', 'X AKL 2'),
(317, '2931', 'VIRNA OKTAVIANA', 'X AKL 2'),
(318, '2932', 'WINDA EKA BELLA SAFITRI', 'X AKL 2'),
(319, '2933', 'AHMAD ANIQ RIFKI', 'X BDP 1'),
(320, '2934', 'AHMAD RIZAL KURNIAWAN', 'X BDP 1'),
(321, '2936', 'Anggit aura fabiyan', 'X BDP 1'),
(322, '2939', 'DENI SETIAWAN', 'X BDP 1'),
(323, '2940', 'DEVI PURNAMA SARI', 'X BDP 1'),
(324, '2942', 'ERICK WAHYU SAPUTRO', 'X BDP 1'),
(325, '2943', 'ESTY SHOFIYATI KHASANATUR RIZKY', 'X BDP 1'),
(326, '2947', 'KISHA CAHYA SULISTYOWATI', 'X BDP 1'),
(327, '2949', 'M. RIO ADITYA', 'X BDP 1'),
(328, '2952', 'MUHAMMAD RIZAL SHOLEH ALKHABIBI', 'X BDP 1'),
(329, '2955', 'MUHAMMAD WILDAN FERDIKA', 'X BDP 1'),
(330, '2958', 'NIKO SETIAWAN', 'X BDP 1'),
(331, '2959', 'RATIH HESTI LESTARI', 'X BDP 1'),
(332, '2961', 'RIKA RAHMAWATI', 'X BDP 1'),
(333, '2963', 'SINTIA ABEL WULANDARI', 'X BDP 1'),
(334, '2965', 'WAHYU ANJAR SAPUTRA', 'X BDP 1'),
(335, '2971', 'ANDREYAN PRATAMA', 'X BDP 1'),
(336, '2973', 'BAGUS PRAYOGO', 'X BDP 1'),
(337, '2956', 'MUKRISWANTO', 'X BDP 2'),
(338, '2974', 'DINA PUSPITA SARI', 'X BDP 1'),
(339, '2975', 'DIO CAHYA PUTRA', 'X BDP 1'),
(340, '2976', 'FAISAL MAJID', 'X BDP 1'),
(341, '2979', 'FIRSAMANDA DWI ARIYANTI', 'X BDP 1'),
(342, '2980', 'ILMA NAFIA', 'X BDP 1'),
(343, '2983', 'IRMA CHANIA DEWI', 'X BDP 1'),
(344, '2984', 'KRISNA ELIX DEFINDRA', 'X BDP 1'),
(346, '2990', 'NABILA AULIA MELANI PUTRI', 'X BDP 1'),
(347, '2992', 'NIA NOVITA SARI', 'X BDP 1'),
(348, '2994', 'REBKAH KURNIA AGUSTA', 'X BDP 1'),
(349, '2995', 'RIDHO DIAN MUSLIMIN', 'X BDP 1'),
(350, '2996', 'RIVALDO FEDRICK ALAMSYAH', 'X BDP 1'),
(351, '2997', 'RIYAN WAHYU RAMADHAN', 'X BDP 1'),
(352, '3000', 'SHABILA SITI ROHMAH', 'X BDP 1'),
(353, '3002', 'TRIA SUSANTI', 'X BDP 1'),
(354, '3003', 'WAHYU PRATAMA PUTRA', 'X BDP 1'),
(355, '2935', 'Ahmad Syah Ridho', 'X BDP 2'),
(356, '2937', 'ARYA KUSUMA', 'X BDP 2'),
(357, '2938', 'DELLA KUSUMA ANGGRAINI', 'X BDP 2'),
(358, '2941', 'DIVA NUR APRILIANA', 'X BDP 2'),
(359, '2944', 'ILHAM FAHRUR ROZAK', 'X BDP 2'),
(360, '2945', 'INDIRA DEWI SAFITRI', 'X BDP 2'),
(361, '2946', 'KHOLISATUL ARUM UMMAH', 'X BDP 2'),
(362, '2948', 'LUTFI AWALUDIN NOFRIANSYAH', 'X BDP 2'),
(363, '2950', 'MIFTAHUL KHOIRIYAH', 'X BDP 2'),
(364, '2951', 'MOHAMMAD ALEN SAPUTRA', 'X BDP 2'),
(365, '2953', 'MUHAMMAD SAIVULLOH', 'X BDP 2'),
(366, '2954', 'MUHAMMAD SYAHRIL SYAWALLUDIN', 'X BDP 2'),
(367, '2957', 'NAELLA RIFQOTUL MUNAFFISAH', 'X BDP 2'),
(368, '2962', 'SEPTI AULIA INDRIANI', 'X BDP 2'),
(369, '2964', 'SRI WAHYUNI', 'X BDP 2'),
(370, '2966', 'WAHYU SRI MULYANI', 'X BDP 2'),
(371, '2967', 'ZULFA NURUL HIDAYAH', 'X BDP 2'),
(372, '2968', 'AGESTYA HESRI MEILVIANA WATI', 'X BDP 2'),
(373, '2969', 'AHMAD RIYANTO', 'X BDP 2'),
(374, '2970', 'ANDI EFENDI', 'X BDP 2'),
(375, '2972', 'ARJUN MAHENDRA SAPUTRA', 'X BDP 2'),
(376, '2977', 'FARISKA AYU NOVITA', 'X BDP 2'),
(377, '2978', 'FIRMAN SADEWA', 'X BDP 2'),
(378, '2960', 'RIDHO AFIFULLAH', 'X BDP 2'),
(379, '2981', 'INTAN MELINDA', 'X BDP 2'),
(380, '2982', 'IQOMATUS SHOLIKAH', 'X BDP 2'),
(381, '2985', 'MELANIE DWI NENGSEH', 'X BDP 2'),
(382, '2986', 'MEYLINDA RAHMA HANIFAH', 'X BDP 2'),
(383, '2987', 'MUHAMMAD AFIF DAVARRUDIN', 'X BDP 2'),
(384, '2989', 'NABILA ARDITA EKA APRILIA', 'X BDP 2'),
(385, '2991', 'NADILLAH LUTFIANI', 'X BDP 2'),
(386, '2993', 'PUTRI AYU DIAH PRADITA', 'X BDP 2'),
(387, '2998', 'SELVI ABEL SAFITRI', 'X BDP 2'),
(388, '2999', 'SERLY CITRA ARDIYANTI', 'X BDP 2'),
(389, '3001', 'SULISTIYO', 'X BDP 2'),
(390, '2214', 'ABDUL WAKHID KHASAN ROSIDIN', 'XI TBSM 1'),
(391, '2215', 'AHMAD AFIF', 'XI TBSM 1'),
(392, '2216', 'AHMAD AZRUL MAULANA', 'XI TBSM 1'),
(393, '2217', 'AHMAD SOKHIBUL WAFA TAJUL ARIFIN', 'XI TBSM 1'),
(394, '2218', 'AHMAT THOLIQUL QILMI', 'XI TBSM 1'),
(395, '2219', 'ARIS SETYAWAN', 'XI TBSM 1'),
(396, '2220', 'ERIZA AHMAD DONI SETIAWAN', 'XI TBSM 1'),
(397, '2221', 'FIRMAN HADI SAPUTRA', 'XI TBSM 1'),
(398, '2222', 'FRANSISKO AKINTA ANDRIYAN S.', 'XI TBSM 1'),
(399, '2223', 'IRVAN', 'XI TBSM 1'),
(400, '2224', 'MUHAMAD DAFFAUR RAMADHAN', 'XI TBSM 1'),
(401, '2225', 'MUHAMMAD ADITYA NUR ROHMAN', 'XI TBSM 1'),
(402, '2226', 'MUHAMMAD ALFIN HIDAYAT', 'XI TBSM 1'),
(403, '2227', 'MUHAMMAD ARDIYANSYACH', 'XI TBSM 1'),
(404, '2228', 'MUHAMMAD KELVIN MAULANA', 'XI TBSM 1'),
(405, '2229', 'MUHAMMAD KHOIRUL ANAM', 'XI TBSM 1'),
(406, '2230', 'MUHAMMAD RIFQI MUBAROK', 'XI TBSM 1'),
(407, '2231', 'MUHAMMAD SHOLAHUDIN NAJIB', 'XI TBSM 1'),
(408, '2232', 'MUHAMMAD SYARIFIL ANAM', 'XI TBSM 1'),
(409, '2233', 'MUHAMMAD TEGAR DIAN WICAKSANA', 'XI TBSM 1'),
(410, '2234', 'MUHAMMAD WAHID SETIAWAN', 'XI TBSM 1'),
(411, '2235', 'MUHAMMAD YOGA DWI SAIKBAL', 'XI TBSM 1'),
(412, '2236', 'MUSTHOFA KAMAL ROFIQI', 'XI TBSM 1'),
(413, '2237', 'NUR IHSAN', 'XI TBSM 1'),
(414, '2238', 'ONI SETYAWAN', 'XI TBSM 1'),
(415, '2239', 'PUNJUL ARKO WIDIEDO', 'XI TBSM 1'),
(416, '2240', 'RENO ROSES REVANGGA', 'XI TBSM 1'),
(417, '2241', 'RHENALD TRESANDI', 'XI TBSM 1'),
(418, '2242', 'RIZKI WAHYU UTOMO', 'XI TBSM 1'),
(419, '2243', 'ROBERT ANDIKA PUTRA', 'XI TBSM 1'),
(420, '2244', 'SHOLIHUL ANAM', 'XI TBSM 1'),
(421, '2245', 'SYAHRUL ULUM', 'XI TBSM 1'),
(422, '2246', 'SYAIFUL RAHMAN MAULANA', 'XI TBSM 1'),
(423, '2248', 'TIAR CAHYA ADITAMA', 'XI TBSM 1'),
(424, '2249', 'WAHYU YUSUF SETYAWAN ARDIYANTO', 'XI TBSM 1'),
(425, '2250', 'AANDIKA CAHYA SETIYAWAN', 'XI TBSM 2'),
(426, '2251', 'ACHIRUL ASHAR', 'XI TBSM 2'),
(427, '2252', 'ACHMAD RIZAL MAULANA', 'XI TBSM 2'),
(428, '2253', 'ADE RAHMAT SALEH', 'XI TBSM 2'),
(429, '2254', 'ADHIF ADHI NANJAYA', 'XI TBSM 2'),
(430, '2255', 'AHMAD FARID ABDUL HAQ', 'XI TBSM 2'),
(431, '2256', 'AHMAD GHOFUR', 'XI TBSM 2'),
(432, '2257', 'AHMAD YA\'QUB', 'XI TBSM 2'),
(433, '2258', 'AISYA ARIF SABARA', 'XI TBSM 2'),
(434, '2259', 'ALFARIZI PUTRA RAMADHAN', 'XI TBSM 2'),
(435, '2260', 'ANDIKA CAHYA PRIYANDA', 'XI TBSM 2'),
(436, '2261', 'ARIS RIZAL WIJAYANTO', 'XI TBSM 2'),
(437, '2262', 'CHUSEN ISMAIL SIDIQ', 'XI TBSM 2'),
(438, '2263', 'DAVID EKA PRASETYA', 'XI TBSM 2'),
(439, '2264', 'DERA REFFEN ALFENANDO', 'XI TBSM 2'),
(440, '2265', 'DICKY DWI SAPUTRA', 'XI TBSM 2'),
(441, '2266', 'DICKY FIRMANSYAH', 'XI TBSM 2'),
(442, '2267', 'ELVEN TRI SANCOKO', 'XI TBSM 2'),
(443, '2268', 'FIRMAN KHOIRUL AFIF', 'XI TBSM 2'),
(444, '2269', 'GALIH PURBO NUGROHO', 'XI TBSM 2'),
(445, '2270', 'JONATHAN ALEXANDRO', 'XI TBSM 2'),
(446, '2271', 'MUHAMAD RIFALDI', 'XI TBSM 2'),
(447, '2272', 'MUHAMMAD FATIKHATUR RIZKI', 'XI TBSM 2'),
(448, '2273', 'MUHAMMAD JOHAN', 'XI TBSM 2'),
(449, '2274', 'MUHAMMAD WISNU ALBAR', 'XI TBSM 2'),
(450, '2275', 'MUHAMMAD ZAENAL ZULIYANTO', 'XI TBSM 2'),
(451, '2276', 'MUSTAMARUDIN', 'XI TBSM 2'),
(452, '2277', 'NUR SIDIK AHMAD MUHKHIYIDIN', 'XI TBSM 2'),
(453, '2278', 'RANGGA ADI PRATAMA', 'XI TBSM 2'),
(454, '2279', 'RAVI INDRA ARDIANSYAH', 'XI TBSM 2'),
(455, '2280', 'RIZKI ANDREAN NOVRIANTO', 'XI TBSM 2'),
(456, '2281', 'RYO SAPUTRA', 'XI TBSM 2'),
(457, '2282', 'VELA ANWAR IBRAHIM', 'XI TBSM 2'),
(458, '2283', 'VIGO HARIYANTO', 'XI TBSM 2'),
(459, '2285', 'ZAINUL MUSTOFA', 'XI TBSM 2'),
(460, '2286', 'ABELLINDO FAUSTIN', 'XI RPL 1'),
(461, '2287', 'ACHMAD HAKIM QOIRUL HAQ', 'XI RPL 1'),
(462, '2288', 'AHMAD ANSORI', 'XI RPL 1'),
(463, '2289', 'AHMAD FAIZUL UMRI', 'XI RPL 1'),
(464, '2290', 'AHMAD RONZALI', 'XI RPL 1'),
(465, '2291', 'ANDRE SETYAWAN', 'XI RPL 1'),
(466, '2292', 'ARIDA RISQIANA', 'XI RPL 1'),
(467, '2293', 'BERLIN KUSUMA DIKHA', 'XI RPL 1'),
(468, '2294', 'DAMAR HADI SURYA PRANOTO', 'XI RPL 1'),
(469, '2295', 'DARU TRI ATMOJO', 'XI RPL 1'),
(470, '2296', 'DEA NUR SAFITRI', 'XI RPL 1'),
(471, '2297', 'DEVI AMALIA PUTRI', 'XI RPL 1'),
(472, '2298', 'DIMAS RAGA FADHILAH', 'XI RPL 1'),
(473, '2299', 'ELISA PUSPITASARI', 'XI RPL 1'),
(474, '2300', 'FILLAH BAGUS ARVIANSYAH', 'XI RPL 1'),
(475, '2301', 'HANDIKA ARI RENATA', 'XI RPL 1'),
(476, '2302', 'KENCANA PUTRA', 'XI RPL 1'),
(477, '2303', 'MAULANA NOFA KARISMA', 'XI RPL 1'),
(478, '2304', 'MUHAMMAD ADHIM NUR KHOLIK', 'XI RPL 1'),
(479, '2305', 'MUHAMMAD ARIS WIDIYANTO', 'XI RPL 1'),
(480, '2306', 'MUHAMMAD DAFFANIO WARDHANA', 'XI RPL 1'),
(481, '2307', 'MUHAMMAD KHUSNI MUBAROH', 'XI RPL 1'),
(482, '2308', 'MUHAMMAD RANGGA AKBAR MUBAROK', 'XI RPL 1'),
(483, '2309', 'MUHAMMAD RISHAN NURSIFA', 'XI RPL 1'),
(484, '2310', 'MUHAMMAD SHOLEH', 'XI RPL 1'),
(485, '2311', 'MUHAMMAD TEGUH HIDAYAT', 'XI RPL 1'),
(486, '2312', 'MUSTAFIT KHUSNI MUBAROK', 'XI RPL 1'),
(487, '2313', 'NA. BETTA SAMUDRO AL MAROM', 'XI RPL 1'),
(488, '2314', 'NOVAL FAHRUZ ZAIN', 'XI RPL 1'),
(489, '2315', 'RIZKY AHMAD FERDIAN', 'XI RPL 1'),
(490, '2316', 'SANTIKA NUROHMAN', 'XI RPL 1'),
(491, '2317', 'SHADAM MAULANA WAHAB', 'XI RPL 1'),
(492, '2318', 'SUKMA AIRLANGGA', 'XI RPL 1'),
(493, '2319', 'TAUFIK UMAR', 'XI RPL 1'),
(494, '2320', 'WAHYU ANGGI HERIANDIKA FILIFHADI', 'XI RPL 1'),
(495, '2321', 'YOGA IKHBALUL ILHAM', 'XI RPL 1'),
(496, '2322', 'ADAM WAHYU ADI WANGSA', 'XI RPL 2'),
(497, '2323', 'AGUSTIO DWI PUTRA', 'XI RPL 2'),
(498, '2324', 'AHMAD FIKRUL UMAM', 'XI RPL 2'),
(499, '2325', 'AKBAR MAULANA SAFARUDIN', 'XI RPL 2'),
(500, '2326', 'ANDRE RIZKI PUJIYANTO', 'XI RPL 2'),
(501, '2327', 'ANI PRATIWI', 'XI RPL 2'),
(502, '2328', 'AQSOL AMRI', 'XI RPL 2'),
(503, '2329', 'CALFIN DANANG FIRMANSYAH', 'XI RPL 2'),
(504, '2330', 'CINDY PRAMITHASARI', 'XI RPL 2'),
(505, '2331', 'DAMARA SULTAN ALAMSYAH', 'XI RPL 2'),
(506, '2332', 'DANANG FEBY SAPUTRO', 'XI RPL 2'),
(507, '2333', 'DENICO NARENDRA', 'XI RPL 2'),
(508, '2334', 'DWI APRIANI', 'XI RPL 2'),
(509, '2335', 'ELINA AYU NOVIAWATI', 'XI RPL 2'),
(510, '2336', 'FENNY KUMALASARI', 'XI RPL 2'),
(511, '2337', 'GHONY ILYAS', 'XI RPL 2'),
(512, '2338', 'GILANG RAMADHAN', 'XI RPL 2'),
(513, '2339', 'KHABI BULLOH', 'XI RPL 2'),
(514, '2340', 'KHOIRUR ROZIKIN', 'XI RPL 2'),
(515, '2341', 'LINDA SISKA AMELIA', 'XI RPL 2'),
(516, '2342', 'MAULANA YUDISTIRA', 'XI RPL 2'),
(517, '2343', 'MUHAMMAD AHSANI NUR TAQWIMI', 'XI RPL 2'),
(518, '2344', 'MUHAMMAD ALFARIS ROHMAN', 'XI RPL 2'),
(519, '2345', 'MUHAMMAD FARID IRAWAN', 'XI RPL 2'),
(520, '2346', 'MUHAMMAD NAUFAL HADI AL FIKRI', 'XI RPL 2'),
(521, '2347', 'MUHAMMAD RAMA MAULANA FARIDIWA', 'XI RPL 2'),
(522, '2348', 'MUHAMMAD SYAIDUL IRFAN GUNAWAN', 'XI RPL 2'),
(523, '2349', 'PANDU ARYA SAPUTRO', 'XI RPL 2'),
(524, '2350', 'RAFFA\'EL BENAYA MUSKITTA', 'XI RPL 2'),
(525, '2351', 'RIFKY KAMALUDIN', 'XI RPL 2'),
(526, '2352', 'RINZAK ARDIANSYAH', 'XI RPL 2'),
(527, '2353', 'ROMADHON NUR AFRIZAL', 'XI RPL 2'),
(528, '2354', 'RYO RIVALDI', 'XI RPL 2'),
(529, '2355', 'SALUNG PRASTYO', 'XI RPL 2'),
(530, '2356', 'SATRIO LINTANG BAGASKORO', 'XI RPL 2'),
(531, '2357', 'WILDAN LUQMANUL ATSNA', 'XI RPL 2'),
(532, '2358', 'AHMAD AFVAN MAULANA', 'XI OTKP 1'),
(533, '2359', 'AHMAD MUZAKI', 'XI OTKP 1'),
(535, '2361', 'ALVIONITA CHRIS SAPUTRI', 'XI OTKP 1'),
(536, '2362', 'AMANDA CITRA ERNANTA', 'XI OTKP 1'),
(537, '2363', 'ANIK KARTINI', 'XI OTKP 1'),
(538, '2364', 'DANIEL DWI SAPUTRA', 'XI OTKP 1'),
(539, '2365', 'DELLA LAILATUL INAYAH', 'XI OTKP 1'),
(540, '2366', 'DESILFA REGI DIAZ NOVIANY', 'XI OTKP 1'),
(541, '2367', 'DEVITA EFRATANIA', 'XI OTKP 1'),
(542, '2368', 'DITA AYU ALISTIA', 'XI OTKP 1'),
(543, '2369', 'ERIKA MITA SEFTIYANI', 'XI OTKP 1'),
(544, '2370', 'FAJAR MAULIDA WAHYUNINGRUM', 'XI OTKP 1'),
(545, '2371', 'FANIS NUR ULIYA', 'XI OTKP 1'),
(546, '2372', 'FANY RAHMAWATI', 'XI OTKP 1'),
(547, '2373', 'FIFI KHOIRUN NISA', 'XI OTKP 1'),
(548, '2374', 'GILANG AGIL DRIASWOTO', 'XI OTKP 1'),
(549, '2375', 'HILDA MASHITA ARRASHIVA', 'XI OTKP 1'),
(550, '2376', 'INTAN ARISTYYANI', 'XI OTKP 1'),
(551, '2377', 'LAISHA VIORI AVRILIAN', 'XI OTKP 1'),
(552, '2378', 'MEYGO RHIZAL MUHAIMIN', 'XI OTKP 1'),
(553, '2379', 'MUHAMMAD ZAKKY FIKRI', 'XI OTKP 1'),
(554, '2380', 'NADIYA FEBRIYANTI', 'XI OTKP 1'),
(555, '2381', 'NAYLA SALSABILLA', 'XI OTKP 1'),
(556, '2382', 'NILA ROIKHA', 'XI OTKP 1'),
(557, '2383', 'NOR AISYAH', 'XI OTKP 1'),
(558, '2384', 'PUTRI MAYA SARI', 'XI OTKP 1'),
(559, '2385', 'PUTRI NANDA RISKIANA', 'XI OTKP 1'),
(560, '2386', 'RAKHUL SEPTIAN', 'XI OTKP 1'),
(561, '2387', 'RISA WULANDARI', 'XI OTKP 1'),
(562, '2388', 'SANIATUR ROMDHONIA', 'XI OTKP 1'),
(563, '2389', 'SITI KHOTIJAH', 'XI OTKP 1'),
(564, '2390', 'TIA RAHMAWATI', 'XI OTKP 1'),
(565, '2391', 'VELLA VERDILYA PUTRI', 'XI OTKP 1'),
(566, '2392', 'VICKY PRAYOGA', 'XI OTKP 1'),
(567, '2393', 'VIVI AUDILA', 'XI OTKP 1'),
(568, '2394', 'AHMAD AGUS WICAKSONO', 'XI OTKP 2'),
(569, '2395', 'ALDI FIAN RAMADHAN', 'XI OTKP 2'),
(570, '2396', 'AMALINDA DWI YULIANTI', 'XI OTKP 2'),
(571, '2397', 'ASTRI NOFIA NINGRUM', 'XI OTKP 2'),
(572, '2398', 'AYU NOVITA SARI', 'XI OTKP 2'),
(573, '2399', 'DHIAH PUSPITA', 'XI OTKP 2'),
(574, '2400', 'EKO NOOR HARDIANSYAH', 'XI OTKP 2'),
(575, '2401', 'ELEN SEPITA SARI', 'XI OTKP 2'),
(576, '2402', 'ELVIRA ADISYA MAWARDANI', 'XI OTKP 2'),
(577, '2403', 'FITRI ANINGSIH', 'XI OTKP 2'),
(578, '2404', 'GITA KRISTIYANI', 'XI OTKP 2'),
(579, '2405', 'HANI SALSABILA', 'XI OTKP 2'),
(581, '2407', 'IVANA ADITIYA', 'XI OTKP 2'),
(582, '2408', 'KANZA SRY BAYU BANOWATI', 'XI OTKP 2'),
(583, '2409', 'KHOIRUN NISA', 'XI OTKP 2'),
(584, '2410', 'LAILA LATIFA ZAHROH', 'XI OTKP 2'),
(585, '2411', 'LIA DIANA HARIS', 'XI OTKP 2'),
(586, '2412', 'MAULIDYA BERLIANA RAHMAWATI', 'XI OTKP 2'),
(587, '2413', 'MAYZAHRO NUZULAILATUL BADRIYAH', 'XI OTKP 2'),
(588, '2414', 'MELINDA SALSA RAMANDANI', 'XI OTKP 2'),
(589, '2415', 'MUHAMMAD CHAFIDIN', 'XI OTKP 2'),
(590, '2416', 'POPI LINDA PUTRI AYU', 'XI OTKP 2'),
(591, '2417', 'RANGGA MILANO AL QINNDI', 'XI OTKP 2'),
(592, '2418', 'RIZKI NUR AISAH', 'XI OTKP 2'),
(593, '2419', 'ROFIKA KHOIRUN NISA', 'XI OTKP 2'),
(594, '2420', 'ROKHALIYA WIDYANINGSIH', 'XI OTKP 2'),
(595, '2421', 'SAHREZA SHOLEHUDIN AKBAR', 'XI OTKP 2'),
(596, '2422', 'SEFIYANI RAFIKHA PUTRI', 'XI OTKP 2'),
(597, '2423', 'SELVI HESTI FANIA', 'XI OTKP 2'),
(598, '2424', 'SERLYANA IKE YULIANTI', 'XI OTKP 2'),
(599, '2425', 'SILVIYATUL MUAFIDAH', 'XI OTKP 2'),
(600, '2426', 'SIRLY ALIP FATIKHA', 'XI OTKP 2'),
(601, '2427', 'VIDO ADYAS APRILLIANO', 'XI OTKP 2'),
(602, '2428', 'VIVIN FITRIA NINGRUM', 'XI OTKP 2'),
(603, '2429', 'WAHYU SRI KUMALA DEWI', 'XI OTKP 2'),
(604, '2430', 'AHMAD ULIN NUHA', 'XI OTKP 3'),
(605, '2431', 'ANGEL DISTALIA ASMARA', 'XI OTKP 3'),
(606, '2432', 'ASTRIT ILMI SAFITRI', 'XI OTKP 3'),
(607, '2433', 'BELLA FITRIANINGRUM', 'XI OTKP 3'),
(608, '2434', 'DONA AMELYA TAMARA', 'XI OTKP 3'),
(609, '2435', 'DWI ARUM MUSTIKO NING TYAS', 'XI OTKP 3'),
(610, '2436', 'ELVIRA SASKIA FATMAWATI', 'XI OTKP 3'),
(611, '2437', 'FERA PUTRI AGUSTININGSIH', 'XI OTKP 3'),
(612, '2438', 'FERDY KHOIRUL ISZHAR', 'XI OTKP 3'),
(613, '2439', 'FRABELA FEBRIANTI', 'XI OTKP 3'),
(614, '2440', 'JESICA ALFRENNINDA DWI AGUSTIN', 'XI OTKP 3'),
(615, '2441', 'KHUSNUL KHOTIMAH', 'XI OTKP 3'),
(616, '2442', 'LINDA SEPTA PUSPITA WIDYAS MAHARANI', 'XI OTKP 3'),
(617, '2443', 'MARSHELLA FRANSKIA AGUSTIN', 'XI OTKP 3'),
(618, '2444', 'MIFTAKHUL KHASANAH', 'XI OTKP 3'),
(619, '2445', 'MUHAMMAD YAHYA NUR EFENDI', 'XI OTKP 3'),
(620, '2446', 'NADILA FERA HANDAYANI', 'XI OTKP 3'),
(621, '2447', 'NELLY NURULLIYAH', 'XI OTKP 3'),
(622, '2448', 'NOVA INDRIANA', 'XI OTKP 3'),
(623, '2449', 'NOVIANA YUNITA', 'XI OTKP 3'),
(624, '2450', 'NOVITALIA SALWA KHANSA', 'XI OTKP 3'),
(625, '2451', 'OKTAVIANA IZZATUL LAILA', 'XI OTKP 3'),
(626, '2452', 'OKVIANI YOGI NOVIANA', 'XI OTKP 3'),
(627, '2453', 'POPPY DWI RATNASARI', 'XI OTKP 3'),
(628, '2454', 'PUTRI CHARISSATUN NIKMAH', 'XI OTKP 3'),
(629, '2455', 'RATIH MAULI ARUMANDARI', 'XI OTKP 3'),
(630, '2456', 'REVIANDO PUTRA TARIGAN SILANGIT', 'XI OTKP 3'),
(631, '2457', 'SALMA AURELIA SHIFA', 'XI OTKP 3'),
(632, '2458', 'SINTIYA JULIATISIA', 'XI OTKP 3'),
(633, '2459', 'SISKA MARIA AMALIANA PUTRI', 'XI OTKP 3'),
(634, '2460', 'TRIYA WULAN SABILLA', 'XI OTKP 3'),
(635, '2461', 'WAHYU GILANG FIRMAN PANGESTU', 'XI OTKP 3'),
(636, '2462', 'WINDY FEBY RIANTI', 'XI OTKP 3'),
(637, '2463', 'YUSUF LUTFIYANTO', 'XI OTKP 3'),
(638, '2464', 'ZAKIA DWI FITRIANI', 'XI OTKP 3'),
(639, '2465', 'ZUNMU\'AZ AZIZAH', 'XI OTKP 3'),
(640, '2466', 'ADEI RIZKI DARMAYANTI', 'XI AKL 1'),
(641, '2467', 'AGUS SETIAWAN', 'XI AKL 1'),
(642, '2468', 'AHMAD ALDITRIA MUZAKI', 'XI AKL 1'),
(643, '2469', 'AHMAD REYNALDI SURYA SAPUTRA', 'XI AKL 1'),
(644, '2470', 'AL FINA DHIROSATUN NURIL HASNA', 'XI AKL 1'),
(645, '2471', 'AYU DWI PUTRI', 'XI AKL 1'),
(646, '2472', 'BELA ANTANIA', 'XI AKL 1'),
(647, '2473', 'CINDY AYU WULANDARI', 'XI AKL 1'),
(648, '2474', 'ELIANTINA', 'XI AKL 1'),
(649, '2475', 'FADHILATUN NISA\'', 'XI AKL 1'),
(650, '2476', 'FEBBY RIO ERLANGGA', 'XI AKL 1'),
(651, '2477', 'FERA ZULIA NINGRUM', 'XI AKL 1'),
(652, '2478', 'FINA ROHMAWATI', 'XI AKL 1'),
(653, '2479', 'FITRI NURDIANA SARI', 'XI AKL 1'),
(654, '2480', 'IRFAN SUGHANDI', 'XI AKL 1'),
(655, '2481', 'KHOLISAH RAHAYU LORENSI', 'XI AKL 1'),
(656, '2482', 'KUTRI KUMIYATI', 'XI AKL 1'),
(657, '2483', 'MARDIANA PUSPITA SARI', 'XI AKL 1'),
(658, '2484', 'MEYLIA DINDA AYU SHOLICHAH', 'XI AKL 1'),
(659, '2485', 'MUHAMMAD FIKRUL ELHANIEF', 'XI AKL 1'),
(661, '2487', 'NELLI AGUSTINA', 'XI AKL 1'),
(662, '2488', 'NOVITA LINDA SARI', 'XI AKL 1'),
(663, '2489', 'PUJI LESTARI', 'XI AKL 1'),
(664, '2490', 'PUTRI SANTIKA', 'XI AKL 1'),
(665, '2491', 'RISA NATUL MUAWANAH', 'XI AKL 1'),
(666, '2492', 'SHAFIRA AZMI AGUSTINE', 'XI AKL 1'),
(667, '2493', 'SHALUMA SULISTA PUTRI', 'XI AKL 1'),
(668, '2494', 'SHEWINDA SURYANING PUTRI', 'XI AKL 1'),
(669, '2495', 'SILVIA AYU WARDHANI', 'XI AKL 1'),
(670, '2496', 'SISKA SYAHKIROHTUL RIZKIYAH', 'XI AKL 1'),
(671, '2497', 'VINA ISNAINI LEYGA', 'XI AKL 1'),
(672, '2498', 'VINA MAUIDHAH HASANAH', 'XI AKL 1'),
(673, '2499', 'VIRLIANA NUR MAULIDIYAH', 'XI AKL 1'),
(674, '2500', 'WAHYU ARIYANTO', 'XI AKL 1'),
(675, '2501', 'WULAN CAHYA WARDANI', 'XI AKL 1'),
(676, '2502', 'ADHETA SILVIA FESTADHONA', 'XI AKL 2'),
(677, '2503', 'AHMAD ALAMUL HUDA', 'XI AKL 2'),
(678, '2504', 'AHMAD ALDI IRWAN', 'XI AKL 2'),
(679, '2505', 'AIDA NUR ARIFAH', 'XI AKL 2'),
(680, '2506', 'ANIS ASYIATUZ ZAROH', 'XI AKL 2'),
(681, '2507', 'ANJELIKA OKTAFIANI', 'XI AKL 2'),
(682, '2508', 'DELTA AYU SAPUTRI', 'XI AKL 2'),
(683, '2509', 'DELTA TRI ANGGARA PUTRA', 'XI AKL 2'),
(684, '2510', 'DIAH ANGGI SAFITRI', 'XI AKL 2'),
(685, '2511', 'FEBRIAN KUSUMA MAHARDIKA', 'XI AKL 2'),
(686, '2512', 'HANNA ECHA SARI', 'XI AKL 2'),
(687, '2513', 'I\'ANATUL KHOIRIYAH', 'XI AKL 2'),
(688, '2514', 'INDRI RAHMATIKA AZZARO', 'XI AKL 2'),
(689, '2515', 'INTAN PUTRI PRAMESWARI', 'XI AKL 2'),
(690, '2516', 'INTANA DIA RAHMAWATI', 'XI AKL 2'),
(691, '2517', 'LUTHFI IKA WIDYANDARI', 'XI AKL 2'),
(692, '2518', 'MILA NIANSA', 'XI AKL 2'),
(693, '2519', 'MUHAMMAD ARDIAN PRASETYO', 'XI AKL 2'),
(694, '2520', 'MUHAMMAD KHOIRUR RIZQI', 'XI AKL 2'),
(695, '2521', 'MUHAMMAD SAFROTUL ANAM', 'XI AKL 2'),
(696, '2522', 'NENCY BRIAN FEBRIYANTI', 'XI AKL 2'),
(697, '2523', 'POPY ERLINDA FEBRIANI', 'XI AKL 2'),
(698, '2524', 'PUTRI  ISWAHYUNINGSIH', 'XI AKL 2'),
(699, '2525', 'QURROTA AINI', 'XI AKL 2'),
(700, '2526', 'REMA RAGIL KRISTYANINGRUM', 'XI AKL 2'),
(701, '2527', 'RETNO WULANDARI', 'XI AKL 2'),
(702, '2528', 'RISKI VIKA SARI', 'XI AKL 2'),
(703, '2529', 'RISTI AWALIA RAMADHANI', 'XI AKL 2'),
(704, '2530', 'RIZDA FEBI WIDIAWATI', 'XI AKL 2'),
(705, '2531', 'SAIFUL OLGA SAPUTRA', 'XI AKL 2'),
(706, '2532', 'SARI SEVIA NURIL HIDAYAH', 'XI AKL 2'),
(707, '2533', 'SELA EKA WARDANI', 'XI AKL 2'),
(708, '2534', 'SINDI JULIYA PRATIKA', 'XI AKL 2'),
(710, '2536', 'TRI SUSANTO', 'XI AKL 2'),
(711, '2537', 'WAHYUNI AYU SAFITRI', 'XI AKL 2'),
(713, '2539', 'AHSOL AMRI', 'XI BDP 1'),
(714, '2540', 'AMELIA PUTRI WULANDARI', 'XI BDP 1'),
(715, '2541', 'ANDRE SANTOSO', 'XI BDP 1'),
(716, '2542', 'ANITA FITRIYANI', 'XI BDP 1'),
(717, '2543', 'ARDIANSYAH WAHYU PRATAMA', 'XI BDP 1'),
(718, '2544', 'ARI PRATAMA', 'XI BDP 1'),
(719, '2545', 'ARISENDI NOVARUDIKA', 'XI BDP 1'),
(720, '2546', 'BAGAS MANTOFANI', 'XI BDP 1'),
(721, '2547', 'DESI FITRIYANI', 'XI BDP 1'),
(722, '2548', 'EKO ARI ANANDA', 'XI BDP 1'),
(723, '2549', 'ERFIKA MAUNITASARI', 'XI BDP 1'),
(724, '2550', 'ERIKA DELLA PUSPITA', 'XI BDP 1'),
(725, '2551', 'FEBY ANGGITA PUTRI', 'XI BDP 1'),
(726, '2552', 'HELMALIA PUTRI', 'XI BDP 1'),
(727, '2553', 'HERU SETIAWAN', 'XI BDP 1'),
(728, '2554', 'INGGAR FERONIKA', 'XI BDP 1'),
(729, '2555', 'ISNAENI NUR FATIMAH', 'XI BDP 1'),
(730, '2556', 'KANAYA RETINA DEWI', 'XI BDP 1'),
(731, '2557', 'KHOLILUL ILMI', 'XI BDP 1'),
(732, '2558', 'LENY VIOLA AGUSTIN', 'XI BDP 1'),
(733, '2559', 'MUHAMMAD ANJAS SETIAWAN', 'XI BDP 1'),
(734, '2560', 'MUHAMMAD RISKA DANI', 'XI BDP 1'),
(735, '2561', 'NANDA SHEILA MELIA LESTARI', 'XI BDP 1'),
(736, '2562', 'NURUL KHALIMATUS SYA`DIYAH', 'XI BDP 1'),
(737, '2563', 'RACHEL SYAQINAH INSYANI', 'XI BDP 1'),
(738, '2564', 'RIKHA ROHMAWATI', 'XI BDP 1'),
(739, '2565', 'RISA ZAHROFATUN NIKMAH', 'XI BDP 1'),
(740, '2566', 'ROHANA CAHYANINGTYAS', 'XI BDP 1'),
(741, '2567', 'SAPTA BAGUS SURYANA', 'XI BDP 1'),
(742, '2568', 'SEVTANIA ANANTASYA MAHARANI', 'XI BDP 1'),
(743, '2569', 'SHERLY IRMA NUR RISMAWATI', 'XI BDP 1'),
(744, '2570', 'SITI WULANDARI', 'XI BDP 1'),
(745, '2571', 'SURYA RISKY ANTONI', 'XI BDP 1'),
(746, '2572', 'SU\'UDATUN FAINUN NI\'MAH', 'XI BDP 1'),
(747, '2573', 'ULIN NAFIAH NUR\'AINI', 'XI BDP 1'),
(748, '2574', 'AISYAH ANANDA PUTRI', 'XI BDP 2'),
(750, '2576', 'ALFUNING HIKMAH', 'XI BDP 2'),
(751, '2577', 'ANDIKA DWI KURNIAWAN', 'XI BDP 2'),
(752, '2578', 'ANDIKA HUDI PRAYOGA', 'XI BDP 2'),
(753, '2579', 'APRIESCHA DARA SAFARA', 'XI BDP 2'),
(754, '2580', 'ARFIYAN AJI PRATAMA', 'XI BDP 2'),
(755, '2581', 'BAGUS PUJI UTOMO', 'XI BDP 2'),
(756, '2582', 'DEVITA ANGGRAINI', 'XI BDP 2'),
(757, '2583', 'DHEA YUNIA SARI', 'XI BDP 2'),
(759, '2585', 'HELMAESA DIEGO PUTRA', 'XI BDP 2'),
(761, '2587', 'LUDVI ABDUL MAJID AL VAIZ', 'XI BDP 2'),
(762, '2588', 'MARSYA MEIVIA WIDYA AGUSTIN', 'XI BDP 2'),
(763, '2589', 'MUHAMMAD FAISAL SUBHI', 'XI BDP 2'),
(764, '2590', 'MUHAMMAD IFAN RIDHO', 'XI BDP 2'),
(765, '2591', 'MUHAMMAD MUHAMMADI', 'XI BDP 2'),
(766, '2592', 'MUHAMMAD RIZAL', 'XI BDP 2'),
(767, '2593', 'MUHAMMAD RIZKI  ARDIYANTO', 'XI BDP 2'),
(768, '2594', 'NADILA NUR AFIFAH', 'XI BDP 2'),
(769, '2595', 'PRIYA CANDRA MUEL', 'XI BDP 2'),
(770, '2596', 'PUTRI ANJAR WATI', 'XI BDP 2'),
(771, '2597', 'PUTRI NUR AISYAH', 'XI BDP 2'),
(772, '2598', 'PUTRI ZULIANI', 'XI BDP 2'),
(773, '2599', 'RENIYATUN MARGARETA AFRIDA', 'XI BDP 2'),
(774, '2600', 'RISA FEBIANA FATMAWATI', 'XI BDP 2'),
(775, '2601', 'RISKA AULIA FITRIANA', 'XI BDP 2'),
(776, '2602', 'RISNA AULIA FITRIANI', 'XI BDP 2'),
(777, '2603', 'SABILA SHALAWAH', 'XI BDP 2'),
(778, '2604', 'SELVI LISTYANINGRUM', 'XI BDP 2'),
(779, '2605', 'SILVIANDRA EKA SETYANINGRUM', 'XI BDP 2'),
(780, '2606', 'VINA NOVIANIK', 'XI BDP 2'),
(781, '2607', 'VIRNANDA AGUSTINA KUSUMAWATI', 'XI BDP 2'),
(782, '2608', 'ZUBAIDAH', 'XI BDP 2'),
(783, '2609', 'ZULITA NURSA\'ADAH', 'XI BDP 2');

-- --------------------------------------------------------

--
-- Table structure for table `user`
--

CREATE TABLE `user` (
  `id` int(11) NOT NULL,
  `username` varchar(255) NOT NULL,
  `password` varchar(255) NOT NULL,
  `nama_user` varchar(255) NOT NULL,
  `akses` enum('P','O') NOT NULL DEFAULT 'P',
  `created` datetime NOT NULL DEFAULT CURRENT_TIMESTAMP,
  `updated` datetime NOT NULL DEFAULT CURRENT_TIMESTAMP ON UPDATE CURRENT_TIMESTAMP
) ENGINE=InnoDB DEFAULT CHARSET=latin1;

--
-- Dumping data for table `user`
--

INSERT INTO `user` (`id`, `username`, `password`, `nama_user`, `akses`, `created`) VALUES
(1, 'admin', '25d55ad283aa400af464c76d713c07ad', 'Administrator', 'O', '2020-03-19 20:15:47'),
(3, 'user', '25d55ad283aa400af464c76d713c07ad', 'Panitia UAS', 'P', '2020-05-30 13:55:10');

--
-- Indexes for dumped tables
--

--
-- Indexes for table `file`
--
ALTER TABLE `file`
  ADD PRIMARY KEY (`IDLink`);

--
-- Indexes for table `siswa`
--
ALTER TABLE `siswa`
  ADD PRIMARY KEY (`ID`);

--
-- Indexes for table `user`
--
ALTER TABLE `user`
  ADD PRIMARY KEY (`id`),
  ADD UNIQUE KEY `username` (`username`);

--
-- AUTO_INCREMENT for dumped tables
--

--
-- AUTO_INCREMENT for table `file`
--
ALTER TABLE `file`
  MODIFY `IDLink` int(5) NOT NULL AUTO_INCREMENT;

--
-- AUTO_INCREMENT for table `user`
--
ALTER TABLE `user`
  MODIFY `id` int(11) NOT NULL AUTO_INCREMENT, AUTO_INCREMENT=4;
COMMIT;

/*!40101 SET CHARACTER_SET_CLIENT=@OLD_CHARACTER_SET_CLIENT */;
/*!40101 SET CHARACTER_SET_RESULTS=@OLD_CHARACTER_SET_RESULTS */;
/*!40101 SET COLLATION_CONNECTION=@OLD_COLLATION_CONNECTION */;
